Workbook

Sheet Dashboard
A1: Sales Performance Dashboard
B6: Total Sales 💰 | G6: Total Orders 📦 | L6: Quantity Sold 🛒 | Q6: Average Discount%
B7: =SUM(Sales!F2:F51) -> 274675 | G7: =COUNTA(Sales!A2:A51) -> 50 | L7: =SUM(Sales!E2:E51) -> 259 | Q7: =AVERAGE(Sales!G2:G51) -> 0.1528
B14: Row Labels | C14: Sum of Sales Amount
B15: Jan | C15: 41202
B16: Feb | C16: 16514
B17: Mar | C17: 13141
B18: Apr | C18: 18280
B19: May | C19: 31311
B20: Jun | C20: 17770
B21: Jul | C21: 14286
B22: Aug | C22: 24347
B23: Sep | C23: 30910
B24: Oct | C24: 35972
B25: Nov | C25: 7956
B26: Dec | C26: 22986
B27: Grand Total | C27: 274675

Sheet Sales
A1: Order_id | B1: Order_date | C1: Customer_id | D1: Product_id | E1: Quantity | F1: Sales Amount | G1: Discount
A2: Ord0001 | B2: 46033 | C2: cust0001 | D2: pid0001 | E2: 7 | F2: 6298 | G2: 0.19
A3: Ord0002 | B3: 46033 | C3: cust0002 | D3: pid0002 | E3: 2 | F3: 8799 | G3: 0.12
A4: Ord0003 | B4: 46033 | C4: cust0003 | D4: pid0003 | E4: 8 | F4: 5391 | G4: 0.2
A5: Ord0004 | B5: 46036 | C5: cust0004 | D5: pid0004 | E5: 6 | F5: 3610 | G5: 0.1
A6: Ord0005 | B6: 46041 | C6: cust0005 | D6: pid0005 | E6: 3 | F6: 2949 | G6: 0.14
A7: Ord0006 | B7: 46041 | C7: cust0006 | D7: pid0006 | E7: 10 | F7: 9126 | G7: 0.11
A8: Ord0007 | B8: 46043 | C8: cust0007 | D8: pid0007 | E8: 3 | F8: 5029 | G8: 0.12
A9: Ord0008 | B9: 46060 | C9: cust0008 | D9: pid0008 | E9: 9 | F9: 2913 | G9: 0.1
A10: Ord0009 | B10: 46072 | C10: cust0009 | D10: pid0009 | E10: 3 | F10: 7457 | G10: 0.16
A11: Ord0010 | B11: 46072 | C11: cust0010 | D11: pid0010 | E11: 9 | F11: 6144 | G11: 0.17
A12: Ord0011 | B12: 46087 | C12: cust0011 | D12: pid0011 | E12: 4 | F12: 9185 | G12: 0.15
A13: Ord0012 | B13: 46098 | C13: cust0012 | D13: pid0012 | E13: 7 | F13: 2510 | G13: 0.14
... A51: Ord0050 | B51: 46379 | C51: cust0050 | D51: pid0050 | E51: 9 | F51: 2975 | G51: 0.16

Sheet Customer
A1: Customer_id | B1: Customer_name | C1: City
A2: cust0001 | B2: Aarav Sharma | C2: Mumbai
A3: cust0002 | B3: Vivaan Verma | C3: Delhi
A4: cust0003 | B4: Aditya Gupta | C4: Bengaluru
A5: cust0004 | B5: Vihaan Mehta | C5: Hyderabad
A6: cust0005 | B6: Arjun Kapoor | C6: Chennai
A7: cust0006 | B7: Sai Malhotra | C7: Pune
A8: cust0007 | B8: Reyansh Joshi | C8: Kolkata
A9: cust0008 | B9: Krishna Nair | C9: Ahmedabad
A10: cust0009 | B10: Ishaan Reddy | C10: Jaipur
A11: cust0010 | B11: Shaurya Bansal | C11: Lucknow
A12: cust0011 | B12: Ananya Iyer | C12: Surat
... A51: cust0050 | B51: Bhavna Puri | C51: Patna

Sheet Products
A1: Product_id | B1: Product Name | C1: Category | D1: Price
A2: pid0001 | B2: Wireless Mouse | C2: Electronics | D2: =Sales!F2/Sales!E2 -> 899.71429
A3: pid0002 | B3: Bluetooth Speaker | C3: Electronics | D3: =Sales!F3/Sales!E3 -> 4399.5
A4: pid0003 | B4: USB-C Charger | C4: Electronics | D4: =Sales!F4/Sales!E4 -> 673.875
A5: pid0004 | B5: Laptop Stand | C5: Accessories | D5: =Sales!F5/Sales!E5 -> 601.66667
A6: pid0005 | B6: Gaming Keyboard | C6: Electronics | D6: =Sales!F6/Sales!E6 -> 983
A7: pid0006 | B7: Smartphone Case | C7: Accessories | D7: =Sales!F7/Sales!E7 -> 912.6
A8: pid0007 | B8: LED Desk Lamp | C8: Home Decor | D8: =Sales!F8/Sales!E8 -> 1676.3333
A9: pid0008 | B9: Portable Power Bank | C9: Electronics | D9: =Sales!F9/Sales!E9 -> 323.66667
A10: pid0009 | B10: Noise Cancelling Headphones | C10: Electronics | D10: =Sales!F10/Sales!E10 -> 2485.6667
A11: pid0010 | B11: Fitness Smartwatch | C11: Wearables | D11: =Sales!F11/Sales!E11 -> 682.66667
A12: pid0011 | B12: Water Bottle | C12: Kitchen | D12: =Sales!F12/Sales!E12 -> 2296.25
A13: pid0012 | B13: Office Chair | C13: Furniture | D13: =Sales!F13/Sales!E13 -> 358.57143
... A51: pid0050 | B51: Electric Iron | C51: Home Appliances | D51: =Sales!F51/Sales!E51 -> 330.55556

Sheet Sheet6
A3: Row Labels | B3: Sum of Sales Amount
A4: Accessories | B4: 34024
A5: Bags | B5: 4399
A6: Electronics | B6: 89822
A7: Fashion | B7: 8741
A8: Fitness | B8: 6716
A9: Footwear | B9: 8297 | D9: Row Labels | E9: Sum of Sales Amount
A10: Furniture | B10: 9169 | D10: Phone Tripod | E10: 9969
A11: Home Appliances | B11: 37038 | D11: Wireless Earbuds | E11: 9887
A12: Home Decor | B12: 5029 | D12: Smart Door Lock | E12: 9435
A13: Kitchen | B13: 23330 | D13: Water Bottle | E13: 9185
A14: Office Supplies | B14: 16547 | D14: Smartphone Case | E14: 9126
A15: Personal Care | B15: 7157 | D15: Grand Total | E15: 47602
A16: Security | B16: 9435
A17: Stationery | B17: 1446
A18: Travel | B18: 7381
A19: Wearables | B19: 6144
A20: Grand Total | B20: 274675
